pdb,r0,r1,r2,r3,r4,r5
5aly,-14.420814313814528,-15.127298645076484,-15.3923724041587,-16.132010493785852,-17.668874705783935,-16.79083090630975
5am0,-13.136969068116635,-13.406496817399617,-13.333442430688336,-11.847701805449333,-10.078494401051623,-6.736596873565966
5alo,-7.979304693594647,-7.839179914196937,-8.170705831261952,-6.629015585086043,-7.510557949330784,-5.572718158938813
5am3,-15.147510600860414,-16.282886587237098,-16.778925884321225,-14.677250830305926,-12.709480150334606,-10.248396125239005
5alg,-12.54213473876673,-12.743076145793495,-12.314313755736134,-11.327961448852772,-12.813507041586995,-16.683480278919696
5alh,-11.909339614244743,-13.568044307600381,-14.926022984464627,-13.701034550191203,-14.889724673518163,-17.922254743546844
